-- --------------------------------------------------------
-- Host:                         127.0.0.1
-- Versión del servidor:         10.4.19-MariaDB - mariadb.org binary distribution
-- SO del servidor:              Win64
-- HeidiSQL Versión:             12.7.0.6859
-- --------------------------------------------------------

/*!40101 SET @OLD_CHARACTER_SET_CLIENT=@@CHARACTER_SET_CLIENT */;
/*!40101 SET NAMES utf8 */;
/*!50503 SET NAMES utf8mb4 */;
/*!40103 SET @OLD_TIME_ZONE=@@TIME_ZONE */;
/*!40103 SET TIME_ZONE='+00:00' */;
/*!40014 SET @OLD_FOREIGN_KEY_CHECKS=@@FOREIGN_KEY_CHECKS, FOREIGN_KEY_CHECKS=0 */;
/*!40101 SET @OLD_SQL_MODE=@@SQL_MODE, SQL_MODE='NO_AUTO_VALUE_ON_ZERO' */;
/*!40111 SET @OLD_SQL_NOTES=@@SQL_NOTES, SQL_NOTES=0 */;


-- Volcando estructura de base de datos para bilbaoskp
CREATE DATABASE IF NOT EXISTS `bilbaoskp` /*!40100 DEFAULT CHARACTER SET utf8mb4 */;
USE `bilbaoskp`;

-- Volcando estructura para tabla bilbaoskp.cancelaciones
CREATE TABLE IF NOT EXISTS `cancelaciones` (
  `partida_id` int(11) NOT NULL,
  `fecha_cancelacion` date NOT NULL,
  `num_jugadores` int(11) NOT NULL DEFAULT 0,
  PRIMARY KEY (`partida_id`),
  CONSTRAINT `FK_cancelaciones_partidas_clase` FOREIGN KEY (`partida_id`) REFERENCES `partidas_clase` (`id_partida`) ON DELETE CASCADE ON UPDATE CASCADE
) ENGINE=InnoDB DEFAULT CHARSET=utf8mb4;

-- Volcando datos para la tabla bilbaoskp.cancelaciones: ~0 rows (aproximadamente)

-- Volcando estructura para tabla bilbaoskp.centros
CREATE TABLE IF NOT EXISTS `centros` (
  `id_suscriptor` int(11) NOT NULL AUTO_INCREMENT,
  `cod_centro` varchar(50) NOT NULL,
  `nombre` varchar(100) NOT NULL,
  `responsable` varchar(100) NOT NULL,
  `num_alumnos` int(11) NOT NULL,
  `email` varchar(50) NOT NULL DEFAULT '',
  `telefono` varchar(20) NOT NULL,
  `tipo_suscriptor` enum('centro','ordinario') DEFAULT NULL,
  PRIMARY KEY (`id_suscriptor`),
  CONSTRAINT `FK_centros_suscriptores` FOREIGN KEY (`id_suscriptor`) REFERENCES `suscriptores` (`id_suscriptor`) ON DELETE CASCADE ON UPDATE CASCADE
) ENGINE=InnoDB AUTO_INCREMENT=43 DEFAULT CHARSET=utf8mb4;

-- Volcando datos para la tabla bilbaoskp.centros: ~1 rows (aproximadamente)
INSERT INTO `centros` (`id_suscriptor`, `cod_centro`, `nombre`, `responsable`, `num_alumnos`, `email`, `telefono`, `tipo_suscriptor`) VALUES
	(13, '0', 'San Luis 2', 'Erlantz', 344, 'peperodrigues@gmail.com', '65553215', 'centro'),
	(42, '1234', 'Dayron', 'Juan Puertas', 200, 'aldo.dayron81@gmail.com', '683270192', 'centro');

-- Volcando estructura para tabla bilbaoskp.clases
CREATE TABLE IF NOT EXISTS `clases` (
  `nom_clase` varchar(100) NOT NULL,
  `id_suscriptor` int(11) NOT NULL,
  PRIMARY KEY (`nom_clase`),
  KEY `FK_clases_centros` (`id_suscriptor`),
  CONSTRAINT `FK_clases_centros` FOREIGN KEY (`id_suscriptor`) REFERENCES `centros` (`id_suscriptor`) ON DELETE CASCADE ON UPDATE CASCADE
) ENGINE=InnoDB DEFAULT CHARSET=utf8mb4;

-- Volcando datos para la tabla bilbaoskp.clases: ~0 rows (aproximadamente)

-- Volcando estructura para tabla bilbaoskp.compra
CREATE TABLE IF NOT EXISTS `compra` (
  `cod_compra` int(11) NOT NULL AUTO_INCREMENT,
  `id_cupon` int(11) NOT NULL,
  `producto` varchar(50) NOT NULL,
  `pago` double NOT NULL DEFAULT 0,
  `fecha` date NOT NULL,
  `id_suscriptor` int(11) NOT NULL,
  PRIMARY KEY (`cod_compra`),
  KEY `FK_compra_cupones` (`id_cupon`),
  CONSTRAINT `FK_compra_cupones` FOREIGN KEY (`id_cupon`) REFERENCES `cupones` (`id_cupon`) ON DELETE CASCADE ON UPDATE CASCADE
) ENGINE=InnoDB AUTO_INCREMENT=15 DEFAULT CHARSET=utf8mb4;

-- Volcando datos para la tabla bilbaoskp.compra: ~2 rows (aproximadamente)
INSERT INTO `compra` (`cod_compra`, `id_cupon`, `producto`, `pago`, `fecha`, `id_suscriptor`) VALUES
	(12, 274, 'Cupon - Bullying', 0, '2025-05-30', 42);

-- Volcando estructura para tabla bilbaoskp.cupones
CREATE TABLE IF NOT EXISTS `cupones` (
  `id_cupon` int(11) NOT NULL AUTO_INCREMENT,
  `id_suscriptor` int(11) NOT NULL,
  `tipo` varchar(120) NOT NULL,
  `fecha_caducidad` date NOT NULL,
  `estado` enum('usado','disponible','en uso') NOT NULL DEFAULT 'disponible',
  PRIMARY KEY (`id_cupon`),
  KEY `FK__suscriptores` (`id_suscriptor`),
  CONSTRAINT `FK__suscriptores` FOREIGN KEY (`id_suscriptor`) REFERENCES `suscriptores` (`id_suscriptor`) ON DELETE CASCADE ON UPDATE NO ACTION
) ENGINE=InnoDB AUTO_INCREMENT=277 DEFAULT CHARSET=utf8mb4;

-- Volcando datos para la tabla bilbaoskp.cupones: ~193 rows (aproximadamente)
INSERT INTO `cupones` (`id_cupon`, `id_suscriptor`, `tipo`, `fecha_caducidad`, `estado`) VALUES
	(59, 13, 'Bullying', '2026-05-29', 'en uso'),
	(60, 13, 'Bullying', '2026-05-29', 'en uso'),
	(61, 13, 'Bullying', '2026-05-29', 'en uso'),
	(62, 13, 'Bullying', '2026-05-29', 'en uso'),
	(63, 13, 'Bullying', '2026-05-29', 'en uso'),
	(84, 42, 'Bullying', '2026-05-29', 'en uso'),
	(85, 42, 'Bullying', '2026-05-29', 'en uso'),
	(86, 42, 'Bullying', '2026-05-29', 'en uso'),
	(87, 42, 'Bullying', '2026-05-29', 'en uso'),
	(88, 42, 'Bullying', '2026-05-29', 'en uso'),
	(89, 42, 'Bullying', '2026-05-29', 'en uso'),
	(90, 42, 'Bullying', '2026-05-29', 'en uso'),
	(91, 42, 'Bullying', '2026-05-29', 'en uso'),
	(92, 42, 'Bullying', '2026-05-29', 'en uso'),
	(93, 42, 'Bullying', '2026-05-29', 'en uso'),
	(94, 42, 'Bullying', '2026-05-29', 'en uso'),
	(95, 42, 'Bullying', '2026-05-29', 'en uso'),
	(96, 42, 'Bullying', '2026-05-29', 'en uso'),
	(97, 42, 'Bullying', '2026-05-29', 'en uso'),
	(98, 42, 'Bullying', '2026-05-29', 'en uso'),
	(99, 42, 'Bullying', '2026-05-29', 'en uso'),
	(100, 42, 'Bullying', '2026-05-29', 'en uso'),
	(101, 42, 'Bullying', '2026-05-29', 'en uso'),
	(102, 42, 'Bullying', '2026-05-29', 'en uso'),
	(103, 42, 'Bullying', '2026-05-29', 'en uso'),
	(104, 42, 'Bullying', '2026-05-29', 'en uso'),
	(105, 42, 'Bullying', '2026-05-29', 'en uso'),
	(106, 42, 'Bullying', '2026-05-29', 'en uso'),
	(107, 42, 'Bullying', '2026-05-29', 'en uso'),
	(108, 42, 'Bullying', '2026-05-29', 'en uso'),
	(109, 42, 'Bullying', '2026-05-29', 'en uso'),
	(110, 42, 'Bullying', '2026-05-29', 'en uso'),
	(111, 42, 'Bullying', '2026-05-29', 'en uso'),
	(112, 42, 'Bullying', '2026-05-29', 'en uso'),
	(113, 42, 'Bullying', '2026-05-29', 'en uso'),
	(114, 42, 'Bullying', '2026-05-29', 'en uso'),
	(115, 42, 'Bullying', '2026-05-29', 'en uso'),
	(116, 42, 'Bullying', '2026-05-29', 'en uso'),
	(117, 42, 'Bullying', '2026-05-29', 'en uso'),
	(118, 42, 'Bullying', '2026-05-29', 'en uso'),
	(119, 42, 'Bullying', '2026-05-29', 'en uso'),
	(120, 42, 'Bullying', '2026-05-29', 'en uso'),
	(121, 42, 'Bullying', '2026-05-29', 'en uso'),
	(122, 42, 'Bullying', '2026-05-29', 'en uso'),
	(123, 42, 'Bullying', '2026-05-29', 'en uso'),
	(124, 42, 'Bullying', '2026-05-29', 'en uso'),
	(125, 42, 'Bullying', '2026-05-29', 'en uso'),
	(126, 42, 'Bullying', '2026-05-29', 'en uso'),
	(127, 42, 'Bullying', '2026-05-29', 'en uso'),
	(128, 42, 'Bullying', '2026-05-29', 'en uso'),
	(129, 42, 'Bullying', '2026-05-29', 'en uso'),
	(130, 42, 'Bullying', '2026-05-29', 'en uso'),
	(131, 42, 'Bullying', '2026-05-29', 'en uso'),
	(132, 42, 'Bullying', '2026-05-29', 'en uso'),
	(133, 42, 'Bullying', '2026-05-29', 'en uso'),
	(134, 42, 'Bullying', '2026-05-29', 'en uso'),
	(135, 42, 'Bullying', '2026-05-29', 'en uso'),
	(136, 42, 'Bullying', '2026-05-29', 'en uso'),
	(137, 42, 'Bullying', '2026-05-29', 'en uso'),
	(138, 42, 'Bullying', '2026-05-29', 'en uso'),
	(139, 42, 'Bullying', '2026-05-29', 'en uso'),
	(140, 42, 'Bullying', '2026-05-29', 'en uso'),
	(141, 42, 'Bullying', '2026-05-29', 'en uso'),
	(142, 42, 'Bullying', '2026-05-29', 'en uso'),
	(143, 42, 'Bullying', '2026-05-29', 'en uso'),
	(144, 42, 'Bullying', '2026-05-29', 'en uso'),
	(145, 42, 'Bullying', '2026-05-29', 'en uso'),
	(146, 42, 'Bullying', '2026-05-29', 'en uso'),
	(147, 42, 'Bullying', '2026-05-29', 'en uso'),
	(148, 42, 'Bullying', '2026-05-29', 'en uso'),
	(149, 42, 'Bullying', '2026-05-29', 'en uso'),
	(150, 42, 'Bullying', '2026-05-29', 'en uso'),
	(151, 42, 'Bullying', '2026-05-29', 'en uso'),
	(152, 42, 'Bullying', '2026-05-29', 'en uso'),
	(153, 42, 'Bullying', '2026-05-29', 'en uso'),
	(154, 42, 'Bullying', '2026-05-29', 'en uso'),
	(155, 42, 'Bullying', '2026-05-29', 'en uso'),
	(156, 42, 'Bullying', '2026-05-29', 'en uso'),
	(157, 42, 'Bullying', '2026-05-29', 'en uso'),
	(158, 42, 'Bullying', '2026-05-29', 'en uso'),
	(159, 42, 'Bullying', '2026-05-29', 'en uso'),
	(160, 42, 'Bullying', '2026-05-29', 'en uso'),
	(161, 42, 'Bullying', '2026-05-29', 'en uso'),
	(162, 42, 'Bullying', '2026-05-29', 'en uso'),
	(163, 42, 'Bullying', '2026-05-29', 'en uso'),
	(164, 42, 'Bullying', '2026-05-29', 'en uso'),
	(165, 42, 'Bullying', '2026-05-29', 'en uso'),
	(166, 42, 'Bullying', '2026-05-29', 'en uso'),
	(167, 42, 'Bullying', '2026-05-29', 'en uso'),
	(168, 42, 'Bullying', '2026-05-29', 'en uso'),
	(169, 42, 'Bullying', '2026-05-29', 'en uso'),
	(170, 42, 'Bullying', '2026-05-29', 'en uso'),
	(171, 42, 'Bullying', '2026-05-29', 'en uso'),
	(172, 42, 'Bullying', '2026-05-29', 'en uso'),
	(173, 42, 'Bullying', '2026-05-29', 'en uso'),
	(174, 42, 'Bullying', '2026-05-29', 'en uso'),
	(175, 42, 'Bullying', '2026-05-29', 'en uso'),
	(176, 42, 'Bullying', '2026-05-29', 'en uso'),
	(177, 42, 'Bullying', '2026-05-29', 'en uso'),
	(178, 42, 'Bullying', '2026-05-29', 'en uso'),
	(179, 42, 'Bullying', '2026-05-29', 'en uso'),
	(180, 42, 'Bullying', '2026-05-29', 'en uso'),
	(181, 42, 'Bullying', '2026-05-29', 'en uso'),
	(182, 42, 'Bullying', '2026-05-29', 'en uso'),
	(183, 42, 'Bullying', '2026-05-29', 'en uso'),
	(184, 42, 'Bullying', '2026-05-29', 'en uso'),
	(185, 42, 'Bullying', '2026-05-29', 'en uso'),
	(186, 42, 'Bullying', '2026-05-29', 'en uso'),
	(187, 42, 'Bullying', '2026-05-29', 'en uso'),
	(188, 42, 'Bullying', '2026-05-29', 'en uso'),
	(189, 42, 'Bullying', '2026-05-29', 'en uso'),
	(190, 42, 'Bullying', '2026-05-29', 'en uso'),
	(191, 42, 'Bullying', '2026-05-29', 'en uso'),
	(192, 42, 'Bullying', '2026-05-29', 'en uso'),
	(193, 42, 'Bullying', '2026-05-29', 'en uso'),
	(194, 42, 'Bullying', '2026-05-29', 'en uso'),
	(195, 42, 'Bullying', '2026-05-29', 'en uso'),
	(196, 42, 'Bullying', '2026-05-29', 'en uso'),
	(197, 42, 'Bullying', '2026-05-29', 'en uso'),
	(198, 42, 'Bullying', '2026-05-29', 'en uso'),
	(199, 42, 'Bullying', '2026-05-29', 'en uso'),
	(200, 42, 'Bullying', '2026-05-29', 'en uso'),
	(201, 42, 'Bullying', '2026-05-29', 'en uso'),
	(202, 42, 'Bullying', '2026-05-29', 'en uso'),
	(203, 42, 'Bullying', '2026-05-29', 'en uso'),
	(204, 42, 'Bullying', '2026-05-29', 'en uso'),
	(205, 42, 'Bullying', '2026-05-29', 'en uso'),
	(206, 42, 'Bullying', '2026-05-29', 'en uso'),
	(207, 42, 'Bullying', '2026-05-29', 'en uso'),
	(208, 42, 'Bullying', '2026-05-29', 'en uso'),
	(209, 42, 'Bullying', '2026-05-29', 'en uso'),
	(210, 42, 'Bullying', '2026-05-29', 'en uso'),
	(211, 42, 'Bullying', '2026-05-29', 'en uso'),
	(212, 42, 'Bullying', '2026-05-29', 'en uso'),
	(213, 42, 'Bullying', '2026-05-29', 'en uso'),
	(214, 42, 'Bullying', '2026-05-29', 'en uso'),
	(215, 42, 'Bullying', '2026-05-29', 'en uso'),
	(216, 42, 'Bullying', '2026-05-29', 'en uso'),
	(217, 42, 'Bullying', '2026-05-29', 'en uso'),
	(218, 42, 'Bullying', '2026-05-29', 'en uso'),
	(219, 42, 'Bullying', '2026-05-29', 'en uso'),
	(220, 42, 'Bullying', '2026-05-29', 'en uso'),
	(221, 42, 'Bullying', '2026-05-29', 'en uso'),
	(222, 42, 'Bullying', '2026-05-29', 'en uso'),
	(223, 42, 'Bullying', '2026-05-29', 'en uso'),
	(224, 42, 'Bullying', '2026-05-29', 'en uso'),
	(225, 42, 'Bullying', '2026-05-29', 'en uso'),
	(226, 42, 'Bullying', '2026-05-29', 'en uso'),
	(227, 42, 'Bullying', '2026-05-29', 'en uso'),
	(228, 42, 'Bullying', '2026-05-29', 'en uso'),
	(229, 42, 'Bullying', '2026-05-29', 'en uso'),
	(230, 42, 'Bullying', '2026-05-29', 'en uso'),
	(231, 42, 'Bullying', '2026-05-29', 'en uso'),
	(232, 42, 'Bullying', '2026-05-29', 'en uso'),
	(233, 42, 'Bullying', '2026-05-29', 'en uso'),
	(234, 42, 'Bullying', '2026-05-29', 'en uso'),
	(235, 42, 'Bullying', '2026-05-29', 'en uso'),
	(236, 42, 'Bullying', '2026-05-29', 'en uso'),
	(237, 42, 'Bullying', '2026-05-29', 'en uso'),
	(238, 42, 'Bullying', '2026-05-29', 'en uso'),
	(239, 42, 'Bullying', '2026-05-29', 'en uso'),
	(240, 42, 'Bullying', '2026-05-29', 'en uso'),
	(241, 42, 'Bullying', '2026-05-29', 'en uso'),
	(242, 42, 'Bullying', '2026-05-29', 'en uso'),
	(243, 42, 'Bullying', '2026-05-29', 'en uso'),
	(244, 42, 'Bullying', '2026-05-29', 'en uso'),
	(245, 42, 'Bullying', '2026-05-29', 'en uso'),
	(246, 42, 'Bullying', '2026-05-29', 'en uso'),
	(247, 42, 'Bullying', '2026-05-29', 'en uso'),
	(248, 42, 'Bullying', '2026-05-29', 'en uso'),
	(249, 42, 'Bullying', '2026-05-29', 'en uso'),
	(250, 42, 'Bullying', '2026-05-29', 'en uso'),
	(251, 42, 'Bullying', '2026-05-29', 'en uso'),
	(252, 42, 'Bullying', '2026-05-29', 'en uso'),
	(253, 42, 'Bullying', '2026-05-29', 'en uso'),
	(254, 42, 'Bullying', '2026-05-29', 'en uso'),
	(255, 42, 'Bullying', '2026-05-29', 'en uso'),
	(256, 42, 'Bullying', '2026-05-29', 'en uso'),
	(257, 42, 'Bullying', '2026-05-29', 'en uso'),
	(258, 42, 'Bullying', '2026-05-29', 'en uso'),
	(259, 42, 'Bullying', '2026-05-29', 'en uso'),
	(260, 42, 'Bullying', '2026-05-29', 'en uso'),
	(261, 42, 'Bullying', '2026-05-29', 'en uso'),
	(262, 42, 'Bullying', '2026-05-29', 'en uso'),
	(263, 42, 'Bullying', '2026-05-29', 'en uso'),
	(264, 42, 'Bullying', '2026-05-30', 'en uso'),
	(265, 42, 'Bullying', '2026-05-30', 'en uso'),
	(266, 42, 'Bullying', '2026-05-30', 'en uso'),
	(267, 42, 'Bullying', '2026-05-30', 'en uso'),
	(268, 42, 'Bullying', '2026-05-30', 'en uso'),
	(271, 42, 'Bullying', '2026-05-30', 'en uso'),
	(272, 42, 'Bullying', '2026-05-30', 'en uso'),
	(274, 42, 'Bullying', '2026-05-30', 'en uso');

-- Volcando estructura para tabla bilbaoskp.escape_room
CREATE TABLE IF NOT EXISTS `escape_room` (
  `id` int(11) NOT NULL AUTO_INCREMENT,
  `id_partida` int(11) NOT NULL,
  `id_suscriptor` int(11) NOT NULL,
  `tiempo_seg` int(11) NOT NULL,
  `pistas_usadas` int(11) NOT NULL,
  `puntos_totales` int(11) NOT NULL,
  `tipo_suscriptor` enum('centro','ordinario') NOT NULL,
  PRIMARY KEY (`id`),
  KEY `FK_escape_room_partida` (`id_partida`),
  KEY `FK_escape_room_suscriptores` (`id_suscriptor`),
  CONSTRAINT `FK_escape_room_partida` FOREIGN KEY (`id_partida`) REFERENCES `partida` (`id`) ON DELETE CASCADE ON UPDATE CASCADE,
  CONSTRAINT `FK_escape_room_suscriptores` FOREIGN KEY (`id_suscriptor`) REFERENCES `suscriptores` (`id_suscriptor`) ON DELETE CASCADE ON UPDATE CASCADE
) ENGINE=InnoDB AUTO_INCREMENT=12 DEFAULT CHARSET=utf8mb4;

-- Volcando datos para la tabla bilbaoskp.escape_room: ~0 rows (aproximadamente)

-- Volcando estructura para tabla bilbaoskp.partida
CREATE TABLE IF NOT EXISTS `partida` (
  `id` int(11) NOT NULL AUTO_INCREMENT,
  `id_suscriptor` int(11) NOT NULL,
  `nombre` varchar(200) NOT NULL,
  `tipo_partida` enum('centro','ordinaria') NOT NULL,
  `fecha` date NOT NULL,
  `idioma` varchar(50) NOT NULL,
  PRIMARY KEY (`id`),
  KEY `FK_partida_suscriptores1` (`id_suscriptor`),
  CONSTRAINT `FK_partida_suscriptores1` FOREIGN KEY (`id_suscriptor`) REFERENCES `suscriptores` (`id_suscriptor`) ON DELETE NO ACTION ON UPDATE NO ACTION
) ENGINE=InnoDB AUTO_INCREMENT=217 DEFAULT CHARSET=utf8mb4;

-- Volcando datos para la tabla bilbaoskp.partida: ~208 rows (aproximadamente)
INSERT INTO `partida` (`id`, `id_suscriptor`, `nombre`, `tipo_partida`, `fecha`, `idioma`) VALUES
	(8, 13, 'Bullying', 'centro', '2025-05-31', 'es'),
	(9, 42, 'Bullying', 'centro', '2025-06-18', 'es'),
	(10, 42, 'Bullying', 'centro', '2025-06-18', 'es'),
	(11, 42, 'Bullying', 'centro', '2025-06-18', 'es'),
	(12, 42, 'Bullying', 'centro', '2025-06-18', 'es'),
	(13, 42, 'Bullying', 'centro', '2025-06-18', 'es'),
	(14, 42, 'Bullying', 'centro', '2025-06-18', 'es'),
	(15, 42, 'Bullying', 'centro', '2025-06-18', 'es'),
	(16, 42, 'Bullying', 'centro', '2025-06-18', 'es'),
	(17, 42, 'Bullying', 'centro', '2025-06-18', 'es'),
	(18, 42, 'Bullying', 'centro', '2025-06-18', 'es'),
	(19, 42, 'Bullying', 'centro', '2025-06-18', 'es'),
	(20, 42, 'Bullying', 'centro', '2025-06-18', 'es'),
	(21, 42, 'Bullying', 'centro', '2025-06-18', 'es'),
	(22, 42, 'Bullying', 'centro', '2025-06-18', 'es'),
	(23, 42, 'Bullying', 'centro', '2025-06-18', 'es'),
	(24, 42, 'Bullying', 'centro', '2025-06-18', 'es'),
	(25, 42, 'Bullying', 'centro', '2025-06-18', 'es'),
	(26, 42, 'Bullying', 'centro', '2025-06-18', 'es'),
	(27, 42, 'Bullying', 'centro', '2025-06-18', 'es'),
	(28, 42, 'Bullying', 'centro', '2025-06-18', 'es'),
	(29, 42, 'Bullying', 'centro', '2025-05-29', 'es'),
	(30, 42, 'Bullying', 'centro', '2025-05-29', 'es'),
	(31, 42, 'Bullying', 'centro', '2025-05-29', 'es'),
	(32, 42, 'Bullying', 'centro', '2025-05-29', 'es'),
	(33, 42, 'Bullying', 'centro', '2025-05-29', 'es'),
	(34, 42, 'Bullying', 'centro', '2025-05-29', 'es'),
	(35, 42, 'Bullying', 'centro', '2025-05-29', 'es'),
	(36, 42, 'Bullying', 'centro', '2025-05-29', 'es'),
	(37, 42, 'Bullying', 'centro', '2025-05-29', 'es'),
	(38, 42, 'Bullying', 'centro', '2025-05-29', 'es'),
	(39, 42, 'Bullying', 'centro', '2025-05-29', 'es'),
	(40, 42, 'Bullying', 'centro', '2025-05-29', 'es'),
	(41, 42, 'Bullying', 'centro', '2025-05-29', 'es'),
	(42, 42, 'Bullying', 'centro', '2025-05-29', 'es'),
	(43, 42, 'Bullying', 'centro', '2025-05-29', 'es'),
	(44, 42, 'Bullying', 'centro', '2025-05-29', 'es'),
	(45, 42, 'Bullying', 'centro', '2025-05-29', 'es'),
	(46, 42, 'Bullying', 'centro', '2025-05-29', 'es'),
	(47, 42, 'Bullying', 'centro', '2025-05-29', 'es'),
	(48, 42, 'Bullying', 'centro', '2025-05-29', 'es'),
	(49, 42, 'Bullying', 'centro', '2025-05-29', 'es'),
	(50, 42, 'Bullying', 'centro', '2025-05-29', 'es'),
	(51, 42, 'Bullying', 'centro', '2025-05-29', 'es'),
	(52, 42, 'Bullying', 'centro', '2025-05-29', 'es'),
	(53, 42, 'Bullying', 'centro', '2025-05-29', 'es'),
	(54, 42, 'Bullying', 'centro', '2025-05-29', 'es'),
	(55, 42, 'Bullying', 'centro', '2025-05-29', 'es'),
	(56, 42, 'Bullying', 'centro', '2025-05-29', 'es'),
	(57, 42, 'Bullying', 'centro', '2025-05-29', 'es'),
	(58, 42, 'Bullying', 'centro', '2025-05-29', 'es'),
	(59, 42, 'Bullying', 'centro', '2025-05-29', 'es'),
	(60, 42, 'Bullying', 'centro', '2025-05-29', 'es'),
	(61, 42, 'Bullying', 'centro', '2025-05-29', 'es'),
	(62, 42, 'Bullying', 'centro', '2025-05-29', 'es'),
	(63, 42, 'Bullying', 'centro', '2025-05-29', 'es'),
	(64, 42, 'Bullying', 'centro', '2025-05-29', 'es'),
	(65, 42, 'Bullying', 'centro', '2025-05-29', 'es'),
	(66, 42, 'Bullying', 'centro', '2025-05-29', 'es'),
	(67, 42, 'Bullying', 'centro', '2025-05-29', 'es'),
	(68, 42, 'Bullying', 'centro', '2025-05-29', 'es'),
	(69, 42, 'Bullying', 'centro', '2025-05-29', 'es'),
	(70, 42, 'Bullying', 'centro', '2025-05-29', 'es'),
	(71, 42, 'Bullying', 'centro', '2025-05-29', 'es'),
	(72, 42, 'Bullying', 'centro', '2025-05-29', 'es'),
	(73, 42, 'Bullying', 'centro', '2025-05-29', 'es'),
	(74, 42, 'Bullying', 'centro', '2025-05-29', 'es'),
	(75, 42, 'Bullying', 'centro', '2025-05-29', 'es'),
	(76, 42, 'Bullying', 'centro', '2025-05-29', 'es'),
	(77, 42, 'Bullying', 'centro', '2025-05-29', 'es'),
	(78, 42, 'Bullying', 'centro', '2025-05-29', 'es'),
	(79, 42, 'Bullying', 'centro', '2025-05-29', 'es'),
	(80, 42, 'Bullying', 'centro', '2025-05-29', 'es'),
	(81, 42, 'Bullying', 'centro', '2025-05-29', 'es'),
	(82, 42, 'Bullying', 'centro', '2025-05-29', 'es'),
	(83, 42, 'Bullying', 'centro', '2025-05-29', 'es'),
	(84, 42, 'Bullying', 'centro', '2025-05-29', 'es'),
	(85, 42, 'Bullying', 'centro', '2025-05-29', 'es'),
	(86, 42, 'Bullying', 'centro', '2025-05-29', 'es'),
	(87, 42, 'Bullying', 'centro', '2025-05-29', 'es'),
	(88, 42, 'Bullying', 'centro', '2025-05-29', 'es'),
	(89, 42, 'Bullying', 'centro', '2025-05-29', 'es'),
	(90, 42, 'Bullying', 'centro', '2025-05-29', 'es'),
	(91, 42, 'Bullying', 'centro', '2025-05-29', 'es'),
	(92, 42, 'Bullying', 'centro', '2025-05-29', 'es'),
	(93, 42, 'Bullying', 'centro', '2025-05-29', 'es'),
	(94, 42, 'Bullying', 'centro', '2025-05-29', 'es'),
	(95, 42, 'Bullying', 'centro', '2025-05-29', 'es'),
	(96, 42, 'Bullying', 'centro', '2025-05-29', 'es'),
	(97, 42, 'Bullying', 'centro', '2025-05-29', 'es'),
	(98, 42, 'Bullying', 'centro', '2025-05-29', 'es'),
	(99, 42, 'Bullying', 'centro', '2025-05-29', 'es'),
	(100, 42, 'Bullying', 'centro', '2025-05-29', 'es'),
	(101, 42, 'Bullying', 'centro', '2025-05-29', 'es'),
	(102, 42, 'Bullying', 'centro', '2025-05-29', 'es'),
	(103, 42, 'Bullying', 'centro', '2025-05-29', 'es'),
	(104, 42, 'Bullying', 'centro', '2025-05-29', 'es'),
	(105, 42, 'Bullying', 'centro', '2025-05-29', 'es'),
	(106, 42, 'Bullying', 'centro', '2025-05-29', 'es'),
	(107, 42, 'Bullying', 'centro', '2025-05-29', 'es'),
	(108, 42, 'Bullying', 'centro', '2025-05-29', 'es'),
	(109, 42, 'Bullying', 'centro', '2025-05-29', 'es'),
	(110, 42, 'Bullying', 'centro', '2025-05-29', 'es'),
	(111, 42, 'Bullying', 'centro', '2025-05-29', 'es'),
	(112, 42, 'Bullying', 'centro', '2025-05-29', 'es'),
	(113, 42, 'Bullying', 'centro', '2025-05-29', 'es'),
	(114, 42, 'Bullying', 'centro', '2025-05-29', 'es'),
	(115, 42, 'Bullying', 'centro', '2025-05-29', 'es'),
	(116, 42, 'Bullying', 'centro', '2025-05-29', 'es'),
	(117, 42, 'Bullying', 'centro', '2025-05-29', 'es'),
	(118, 42, 'Bullying', 'centro', '2025-05-29', 'es'),
	(119, 42, 'Bullying', 'centro', '2025-05-29', 'es'),
	(120, 42, 'Bullying', 'centro', '2025-05-29', 'es'),
	(121, 42, 'Bullying', 'centro', '2025-05-29', 'es'),
	(122, 42, 'Bullying', 'centro', '2025-05-29', 'es'),
	(123, 42, 'Bullying', 'centro', '2025-05-29', 'es'),
	(124, 42, 'Bullying', 'centro', '2025-05-29', 'es'),
	(125, 42, 'Bullying', 'centro', '2025-05-29', 'es'),
	(126, 42, 'Bullying', 'centro', '2025-05-29', 'es'),
	(127, 42, 'Bullying', 'centro', '2025-05-29', 'es'),
	(128, 42, 'Bullying', 'centro', '2025-05-29', 'es'),
	(129, 42, 'Bullying', 'centro', '2025-05-29', 'es'),
	(130, 42, 'Bullying', 'centro', '2025-05-29', 'es'),
	(131, 42, 'Bullying', 'centro', '2025-05-29', 'es'),
	(132, 42, 'Bullying', 'centro', '2025-05-29', 'es'),
	(133, 42, 'Bullying', 'centro', '2025-05-29', 'es'),
	(134, 42, 'Bullying', 'centro', '2025-05-29', 'es'),
	(135, 42, 'Bullying', 'centro', '2025-05-29', 'es'),
	(136, 42, 'Bullying', 'centro', '2025-05-29', 'es'),
	(137, 42, 'Bullying', 'centro', '2025-05-29', 'es'),
	(138, 42, 'Bullying', 'centro', '2025-05-29', 'es'),
	(139, 42, 'Bullying', 'centro', '2025-05-29', 'es'),
	(140, 42, 'Bullying', 'centro', '2025-05-29', 'es'),
	(141, 42, 'Bullying', 'centro', '2025-05-29', 'es'),
	(142, 42, 'Bullying', 'centro', '2025-05-29', 'es'),
	(143, 42, 'Bullying', 'centro', '2025-05-29', 'es'),
	(144, 42, 'Bullying', 'centro', '2025-05-29', 'es'),
	(145, 42, 'Bullying', 'centro', '2025-05-29', 'es'),
	(146, 42, 'Bullying', 'centro', '2025-05-29', 'es'),
	(147, 42, 'Bullying', 'centro', '2025-05-29', 'es'),
	(148, 42, 'Bullying', 'centro', '2025-05-29', 'es'),
	(149, 42, 'Bullying', 'centro', '2025-05-29', 'es'),
	(150, 42, 'Bullying', 'centro', '2025-05-29', 'es'),
	(151, 42, 'Bullying', 'centro', '2025-05-29', 'es'),
	(152, 42, 'Bullying', 'centro', '2025-05-29', 'es'),
	(153, 42, 'Bullying', 'centro', '2025-05-29', 'es'),
	(154, 42, 'Bullying', 'centro', '2025-05-29', 'es'),
	(155, 42, 'Bullying', 'centro', '2025-05-29', 'es'),
	(156, 42, 'Bullying', 'centro', '2025-05-29', 'es'),
	(157, 42, 'Bullying', 'centro', '2025-05-29', 'es'),
	(158, 42, 'Bullying', 'centro', '2025-05-29', 'es'),
	(159, 42, 'Bullying', 'centro', '2025-05-29', 'es'),
	(160, 42, 'Bullying', 'centro', '2025-05-29', 'es'),
	(161, 42, 'Bullying', 'centro', '2025-05-29', 'es'),
	(162, 42, 'Bullying', 'centro', '2025-05-29', 'es'),
	(163, 42, 'Bullying', 'centro', '2025-05-29', 'es'),
	(164, 42, 'Bullying', 'centro', '2025-05-29', 'es'),
	(165, 42, 'Bullying', 'centro', '2025-05-29', 'es'),
	(166, 42, 'Bullying', 'centro', '2025-05-29', 'es'),
	(167, 42, 'Bullying', 'centro', '2025-05-29', 'es'),
	(168, 42, 'Bullying', 'centro', '2025-05-29', 'es'),
	(169, 42, 'Bullying', 'centro', '2025-05-29', 'es'),
	(170, 42, 'Bullying', 'centro', '2025-05-29', 'es'),
	(171, 42, 'Bullying', 'centro', '2025-05-29', 'es'),
	(172, 42, 'Bullying', 'centro', '2025-05-29', 'es'),
	(173, 42, 'Bullying', 'centro', '2025-05-29', 'es'),
	(174, 42, 'Bullying', 'centro', '2025-05-29', 'es'),
	(175, 42, 'Bullying', 'centro', '2025-05-29', 'es'),
	(176, 42, 'Bullying', 'centro', '2025-05-29', 'es'),
	(177, 42, 'Bullying', 'centro', '2025-05-29', 'es'),
	(178, 42, 'Bullying', 'centro', '2025-05-29', 'es'),
	(179, 42, 'Bullying', 'centro', '2025-05-29', 'es'),
	(180, 42, 'Bullying', 'centro', '2025-05-29', 'es'),
	(181, 42, 'Bullying', 'centro', '2025-05-29', 'es'),
	(182, 42, 'Bullying', 'centro', '2025-05-29', 'es'),
	(183, 42, 'Bullying', 'centro', '2025-05-29', 'es'),
	(184, 42, 'Bullying', 'centro', '2025-05-29', 'es'),
	(185, 42, 'Bullying', 'centro', '2025-05-29', 'es'),
	(186, 42, 'Bullying', 'centro', '2025-05-29', 'es'),
	(187, 42, 'Bullying', 'centro', '2025-05-29', 'es'),
	(188, 42, 'Bullying', 'centro', '2025-05-29', 'es'),
	(189, 42, 'Bullying', 'centro', '2025-05-29', 'es'),
	(190, 42, 'Bullying', 'centro', '2025-05-29', 'es'),
	(191, 42, 'Bullying', 'centro', '2025-05-29', 'es'),
	(192, 42, 'Bullying', 'centro', '2025-05-29', 'es'),
	(193, 42, 'Bullying', 'centro', '2025-05-29', 'es'),
	(194, 42, 'Bullying', 'centro', '2025-05-29', 'es'),
	(195, 42, 'Bullying', 'centro', '2025-05-29', 'es'),
	(196, 42, 'Bullying', 'centro', '2025-05-29', 'es'),
	(197, 42, 'Bullying', 'centro', '2025-05-29', 'es'),
	(198, 42, 'Bullying', 'centro', '2025-05-29', 'es'),
	(199, 42, 'Bullying', 'centro', '2025-05-29', 'es'),
	(200, 42, 'Bullying', 'centro', '2025-05-29', 'es'),
	(201, 42, 'Bullying', 'centro', '2025-05-29', 'es'),
	(202, 42, 'Bullying', 'centro', '2025-05-29', 'es'),
	(203, 42, 'Bullying', 'centro', '2025-05-29', 'es'),
	(204, 42, 'Bullying', 'centro', '2025-05-29', 'es'),
	(205, 42, 'Bullying', 'centro', '2025-05-29', 'es'),
	(206, 42, 'Bullying', 'centro', '2025-05-29', 'es'),
	(207, 42, 'Bullying', 'centro', '2025-05-29', 'es'),
	(208, 42, 'Bullying', 'centro', '2025-05-29', 'es'),
	(209, 42, 'Bullying', 'centro', '2025-05-29', 'es'),
	(210, 42, 'Bullying', 'centro', '2025-05-29', 'es'),
	(211, 42, 'Bullying', 'centro', '2025-05-29', 'es'),
	(212, 42, 'Bullying', 'centro', '2025-05-29', 'es'),
	(213, 42, 'Bullying', 'centro', '2025-05-29', 'es'),
	(214, 42, 'Bullying', 'centro', '2025-05-29', 'es'),
	(215, 42, 'Bullying', 'centro', '2025-05-29', 'es'),
	(216, 42, 'Bullying', 'centro', '2025-05-31', 'es');

-- Volcando estructura para tabla bilbaoskp.partidas_clase
CREATE TABLE IF NOT EXISTS `partidas_clase` (
  `id_partida` int(11) NOT NULL,
  `nom_clase` varchar(100) NOT NULL,
  `fecha_activacion` date NOT NULL,
  `num_jugadores` int(11) NOT NULL DEFAULT 0,
  `estado` varchar(50) NOT NULL,
  `cod_partida` int(11) NOT NULL DEFAULT 0,
  PRIMARY KEY (`id_partida`),
  KEY `FK_partidas_clase_clases` (`nom_clase`),
  CONSTRAINT `FK_partidas_clase_clases` FOREIGN KEY (`nom_clase`) REFERENCES `clases` (`nom_clase`) ON DELETE CASCADE ON UPDATE CASCADE,
  CONSTRAINT `FK_partidas_clase_partida` FOREIGN KEY (`id_partida`) REFERENCES `partida` (`id`) ON DELETE CASCADE ON UPDATE CASCADE
) ENGINE=InnoDB DEFAULT CHARSET=utf8mb4;

-- Volcando datos para la tabla bilbaoskp.partidas_clase: ~0 rows (aproximadamente)

-- Volcando estructura para tabla bilbaoskp.plan_suscripcion
CREATE TABLE IF NOT EXISTS `plan_suscripcion` (
  `tipo_suscripcion` varchar(100) NOT NULL,
  `descripcion` varchar(500) NOT NULL,
  `precio` int(11) NOT NULL,
  PRIMARY KEY (`tipo_suscripcion`)
) ENGINE=InnoDB DEFAULT CHARSET=utf8mb4;

-- Volcando datos para la tabla bilbaoskp.plan_suscripcion: ~0 rows (aproximadamente)

-- Volcando estructura para tabla bilbaoskp.suscriptores
CREATE TABLE IF NOT EXISTS `suscriptores` (
  `id_suscriptor` int(11) NOT NULL AUTO_INCREMENT,
  `username` varchar(100) NOT NULL,
  `estado` varchar(100) NOT NULL,
  `fecha_alta` date NOT NULL,
  `tipo` varchar(50) DEFAULT NULL,
  `password` varchar(50) DEFAULT NULL,
  `correo` varchar(50) DEFAULT NULL,
  `edad` int(11) DEFAULT NULL,
  PRIMARY KEY (`id_suscriptor`),
  UNIQUE KEY `usernameUnique` (`username`),
  KEY `username` (`username`)
) ENGINE=InnoDB AUTO_INCREMENT=43 DEFAULT CHARSET=utf8mb4;

-- Volcando datos para la tabla bilbaoskp.suscriptores: ~8 rows (aproximadamente)
INSERT INTO `suscriptores` (`id_suscriptor`, `username`, `estado`, `fecha_alta`, `tipo`, `password`, `correo`, `edad`) VALUES
	(4, 'GamerPro123', 'activo', '2023-01-15', 'ordinario', 'password123', 'gamer123@email.com', 25),
	(5, 'MasterGamer', 'activo', '2023-02-20', 'ordinario', 'password456', 'master@email.com', 30),
	(6, 'GameWizard', 'activo', '2023-03-10', 'ordinario', 'password789', 'wizard@email.com', 22),
	(7, 'PlayerOne', 'activo', '2023-04-05', 'ordinario', 'password101', 'player1@email.com', 28),
	(8, 'GameChampion', 'activo', '2023-05-12', 'ordinario', 'password202', 'champion@email.com', 19),
	(13, 'Erlantz', 'activo', '2025-04-27', 'centro', 'temporal', 'aldo.dayron81@gmail.com', 0),
	(32, 'Jon', 'estado', '2025-05-20', 'admin', '1234', 'jon@gmail.com', 12),
	(42, 'Juan', 'activo', '2025-05-29', 'centro', '1234', 'aldo.dayron81@gmail.com', 0);

/*!40103 SET TIME_ZONE=IFNULL(@OLD_TIME_ZONE, 'system') */;
/*!40101 SET SQL_MODE=IFNULL(@OLD_SQL_MODE, '') */;
/*!40014 SET FOREIGN_KEY_CHECKS=IFNULL(@OLD_FOREIGN_KEY_CHECKS, 1) */;
/*!40101 SET CHARACTER_SET_CLIENT=@OLD_CHARACTER_SET_CLIENT */;
/*!40111 SET SQL_NOTES=IFNULL(@OLD_SQL_NOTES, 1) */;
